exe	f19_routine	dist	f15_source	f15_routine
egame	strcpyFromDot	0	stparse.c	replaceExtension
egame	blitGaugeSprite	0	egdata.c,egui.c	blitGaugeSprite
egame	buildInverseRotationMatrix	0	eg3drast.c,egseg1.asm	buildInverseRotationMatrix
egame	buildRotationMatrix	0	eg3drast.c,egseg1.asm	buildRotationMatrix
egame	buildVertexSignMask	0	eg3dmap.c	buildVertexSignMask
egame	clampScanlineSpan	0	eg3drast.c,egseg1.asm	clampScanlineSpan
egame	clampToClipEdge	0	eg3drast.c,egseg1.asm	clampToClipEdge
egame	clipComputeOutcode	0	eg3drast.c,egseg1.asm	clipComputeOutcode
egame	clipEdgeNearPlane	0	eg3drast.c,egseg1.asm	clipEdgeNearPlane
egame	clipLineCohenSutherland	0	egseg1.asm	clipLineCohenSutherland
egame	clipLineMidpoint	0	eg3drast.c,egseg1.asm	clipLineMidpoint
egame	clipLineSegment	0	eg3drast.c,egseg1.asm	clipLineSegment
egame	clipLineSubdivP1Outside	0	eg3drast.c,egseg1.asm	clipLineSubdivP1Outside
egame	clipMidpointSubdivide	0	eg3drast.c,egseg1.asm	clipMidpointSubdivide
egame	clipPointInside	0	eg3drast.c,egseg1.asm	clipPointInside
egame	closeFile	0	egcode.h,egfileio.c,egsys.c	closeFile
egame	computeClipOutcode	0	eg3drast.c,egseg1.asm	computeClipOutcode
egame	computeLineOutcode	0	egseg1.asm	computeLineOutcode
egame	decodePicRow	0	regshim.asm,stcode.asm	decodePicRow
egame	decodeRleEdgeRow	0	eg3drast.c,egseg1.asm	decodeRleEdgeRow
egame	dictionaryLookup	0		dictionaryLookup
egame	doPicDecode	0		doPicDecode
egame	drawMapMarkerBox	0	egui.c	drawMapMarkerBox
egame	drawMapTiles	0	eg3dmap.c	drawMapTiles
egame	drawModelPoint	0	eg3dmap.c	drawModelPoint
egame	drawNearestTileObject	0	eg3dmap.c,eg3dmap.h,egcombat.c,egdata.c	drawNearestTileObject
egame	drawPrimitiveEdges	0	eg3drast.c,egseg1.asm	drawPrimitiveEdges
egame	drawViewportLine	0	egtacmap.c,egtacmap.h,egtarget.c	drawViewportLine
egame	fillSpanRect	0	egcode.h,eghudr.c,egmath.c,egseg1.asm,egtacmap.c,egui.c	fillSpanRect
egame	insertSortedObject	0	eg3drast.c,egseg1.asm	insertSortedObject
egame	installCBreakHandler	0	egcode.h,egmain.c,enmain.c,lowlvl.h,stmain.c	installCBreakHandler
egame	loadColorPalette	0	eg3dview.c,eg3dview.h,egdata.c,egflight.c,egtacmap.c,egtarget.c	loadColorPalette
egame	multiplyMatrix3x3	0	eg3drast.c,egseg1.asm	multiplyMatrix3x3
egame	openBlitClosePic	0	egflight.c,egmain.c,egpic.c,egpic.h,gfx_impl.c	openBlitClosePic
egame	openFile	0	egcode.h,egfileio.c,egsys.c	openFile
egame	picBlit	0	egcode.h,egpic.c,stcode.h,stmissn.c	picBlit
egame	picMakeDict	0		picMakeDict
egame	picReadDataAndMakeDict	0		picReadDataAndMakeDict
egame	pointOnClipEdge	0	eg3drast.c,egseg1.asm	pointOnClipEdge
egame	projectMapPoint	0	egui.c	projectMapPoint
egame	projectModelEdges	0	eg3drast.c,egseg1.asm,struct.h	projectModelEdges
egame	projectSceneObject	0	eg3dproj.c,eg3drast.c,egcode.h,egmath.c,egseg1.asm	projectSceneObject
egame	projectVertexToScreen	0	eg3drast.c,egseg1.asm	projectVertexToScreen
egame	rangeApprox	0	egcombat.c,egflight.c,egframe.c,egmath.c,egtarget.c,egtgt2.c,egthreat.c,egthreat.h	rangeApprox
egame	rasterizeEdgeSpan	0	eg3drast.c,egseg1.asm	rasterizeEdgeSpan
egame	rejectClippedLine	0	eg3drast.c,egseg1.asm	rejectClippedLine
egame	renderHorizonSky	0	eg3drast.c,egseg1.asm	renderHorizonSky
egame	renderMapTerrain	0	eg3dmap.c,eg3dmap.h,egtacmap.c	renderMapTerrain
egame	renderPrimitiveCommand	0	eg3drast.c,egseg1.asm	renderPrimitiveCommand
egame	renderPrimitiveList	0	eg3drast.c,egseg1.asm	renderPrimitiveList
egame	renderSortedList	0	egseg1.asm	renderSortedList
egame	resetScanlineSpansImpl	0	eg3drast.c,egseg1.asm	resetScanlineSpansImpl
egame	rotatePoint3d	0	eg3drast.c,egcode.h,egdata.c,egseg1.asm	rotatePoint3d
egame	setInt9Handler	0	egcode.h,eginput.c,egmain.c	setInt9Handler
egame	skipDisplayListByLod	0	eg3drast.c,egseg1.asm	skipDisplayListByLod
egame	transformAndCullObject	0	eg3drast.c,egseg1.asm	transformAndCullObject
egame	transformModelVertices	0	egseg1.asm	transformModelVertices
egame	transformVertexList	0	eg3drast.c,egseg1.asm	transformVertexList
egame	writeClippedEnd	0	eg3drast.c,egseg1.asm	writeClippedEnd
egame	writeClippedStart	0	eg3drast.c,egseg1.asm	writeClippedStart
egame	addTileEntry	1	eg3dmap.c,eg3dmap.h,egcombat.c,egdata.c,egframe.c,struct.h	addTileEntry
egame	applyRotationDelta	1	egflight.c	applyRotationDelta
egame	buildRangeString	1	egtarget.c,egtgt2.c	buildRangeString
egame	cacheScopePanel	1	egtacmap.c,egui.c,egui.h	cacheScopePanel
egame	captureScopePanel	1	egthreat.c,egui.c,egui.h	captureScopePanel
egame	computeTileBounds	1	eg3dmap.c	computeTileBounds
egame	drawFullscreenLine	1	egframe.c,egtacmap.c,egtacmap.h,egtarget.c	drawFullscreenLine
egame	drawMapLine	1	egtacmap.c	drawMapLine
egame	drawNumber	1	egcombat.c,egframe.c,egtacmap.c,egtacmap.h	drawNumber
egame	drawScreenLineOnePage	1	egtacmap.c,egtacmap.h,egui.c	drawScreenLineOnePage
egame	drawStringBothPages	1	eg3dload.c,egtacmap.c,egtacmap.h	drawStringBothPages
egame	drawTargetLabel	1	egtarget.c,egtgt2.c	drawTargetLabel
egame	fillRectBoth	1	eg3dload.c,egcombat.c,egflight.c,egframe.c,egtacmap.c,egtacmap.h	fillRectBoth
egame	isTargetOverWater	1	egcombat.c,egcombat.h,egtgt2.c	isTargetOverWater
egame	isqrt	1	egflight.c,egflight.h,egtarget.c	isqrt
egame	lookupTileEntry	1	eg3dmap.c,eg3dmap.h,eg3dproj.c	lookupTileEntry
egame	makeSound	1	egcombat.c,egflight.c,egframe.c,egkeys.c,egkeys.h,egthreat.c	makeSound
egame	moveDataFar	1	egframe.c,egframe.h,egmain.c	moveDataFar
egame	processSceneObject	1	eg3drast.c,egseg1.asm	processSceneObject
egame	projectModelVertices	1	eg3dmap.c	projectModelVertices
egame	readAxisInput	1	egframe.c,egkeys.c,egmath.c,egmath.h,egtarget.c	readAxisInput
egame	readMapPixelColor	1	egcombat.c,egtacmap.c,egtacmap.h,egthreat.c	readMapPixelColor
egame	restoreScopePanel	1	egtacmap.c,egthreat.c,egui.c,egui.h	restoreScopePanel
egame	setViewRotation	1	eg3dcam.c,eg3dcam.h,eg3dmap.c	setViewRotation
egame	signedRatio16	1	egflight.c	signedRatio16
egame	worldToTileIndex	1	eg3dmap.c	worldToTileIndex
egame	bombTarget	2	egcombat.c,egcombat.h,egtarget.c	bombTarget
egame	computeTargetBearing	2	egtarget.c,egtgt2.c	computeTargetBearing
egame	readScreenPixel	2	egtacmap.c	readScreenPixel
egame	setup3DTransform	2	eg3dmap.c,eg3dmap.h,eg3dview.c,egmath.c	setup3DTransform
egame	shapeDataOffset	2	egcombat.c,egdata.h,egfarbu2.asm,egfarbuf.c,egframe.c,egmath.c,egmath.h	shapeDataOffset
egame	waitForKeyPress	2	egflight.c	waitForKeyPress
egame	drawInstrumentGauges	3	eghudr.c,egseg2.asm	drawInstrumentGauges
egame	updateThreatAlert	3	egcombat.c,egthreat.c,egthreat.h	updateThreatAlert
egame	valueToAngle	3	egdata.c,egflight.c	valueToAngle
egame	clipAndRasterizeEdgeImpl	4	egseg1.asm	clipAndRasterizeEdgeImpl
egame	computeAttitudeAngles	4	egflight.c	computeAttitudeAngles
egame	load15Flt3d3	4	egmain.c,egmath.c,egmath.h	load15Flt3d3
egame	moveStuff	4	egframe.c	moveStuff
egame	recalcTimeScale	4	egframe.c,egkeys.c,egkeys.h	recalcTimeScale
egame	markTargetReached	5	egcombat.c	markTargetReached
egame	setupViewport	5	eg3dmap.c,eg3dvp.c,eg3dvp.h	setupViewport
egame	findNearestTileObject	7	eg3dmap.c,eg3dmap.h,egcombat.c,egdata.c,egframe.c,egtgt2.c,struct.h	findNearestTileObject
egame	drawWorldObject	11	egdata.h,egfarbu2.asm,egmath.c,egmath.h,egtarget.c,struct.h	drawWorldObject
egame	drawTargetView	15	egmath.c,egmath.h,egtarget.c	drawTargetView
start	computeBearing	0	egcombat.c,egflight.c,egmath.c,egmath.h,egtacmap.c,egtgt2.c,egthreat.c	computeBearing
